<?xml version="1.0" encoding="utf-8" ?>
<EternityPatchFile name="BattleTimer" enabled="battle_timer" comment="This file enables battle timer patch">

	<Patch name="BattleTimer" type="notify" search_start="0x387101" >
	
		<Instruction code="C7 46 08 00 00 34 43" comment="mov dword ptr [rsi+8], 43340000h; 180.0" />
		<Instruction code="49 8B CD" comment="mov rcx, r13" />
		<Instruction code="0F 1F 44 00 00" comment="nop dword ptr [rax+rax+00h]" />
		<Instruction code="41 8B C5" comment="mov eax, r13d" />
		<Instruction code="48 83 F9 03" comment="cmp rcx, 3" />
		
		<Notify inst_index="0" inst_offset="3" value="BattleTimer" />
	
	</Patch>

</EternityPatchFile>