<?xml version="1.0" encoding="utf-8" ?>
<EternityPatchFile name="PreBakedPatches" enabled="new_chara" comment="This file enables patches on characters data that only exist in RAM and not in files" >	

	<Patch name="IsOzaruHook" type="hook" search_start="0x1B7970" comment="Fully impersonating this very simple boolean function to extend it." >
		<Instruction code="48 89 5C 24 08" comment="mov [rsp+8], rbx" />
		<Instruction code="48 89 74 24 10" comment="mov [rsp+10], rsi" />
		<Instruction code="57" comment="push rdi" />
		<Instruction code="48 83 EC 20" comment="sub rsp, 20h" />
		<Instruction code="48 8B F1" comment="mov rsi, rcx" />
		<Instruction code="48 8D 3D XX XX XX XX" comment="lea rdi, XXXXXXXX ; rdi = array of strings of ozarus" />
		<Instruction code="33 DB" comment="xor ebx, ebx" />
		<Instruction code="0F 1F 44 00 00" comment="nop dword ptr [rax+rax+00h]" />
		<Instruction code="48 8B 17" comment="mov rdx, [rdi]" />
		<Instruction code="41 B8 03 00 00 00" comment="mov r8d, 3" />
		
		<Hook value="IsOzaruReplacement" setup="PreBakeSetup" />
	</Patch>
	
	<Patch name="SetBodyShape" type="hook" search_start="0x27E0F0" comment="Grants regular characters (non-cac) the ability to use body shapes of bcs (required pre-baked.xml)" >	
		<Instruction code="48 8B C4" comment="mov rax, rsp" />
		<Instruction code="57" comment="push rdi" />
		<Instruction code="41 54" comment="push r12" />
		<Instruction code="41 55" comment="push r13" />
		<Instruction code="41 56" comment="push r14" />
		<Instruction code="41 57" comment="push r15" />
		<Instruction code="48 83 EC 70" comment="sub rsp, 70h" />
		<Instruction code="48 C7 40 88 FE FF FF FF" comment="mov qword ptr [rax-78h], 0FFFFFFFFFFFFFFFEh" />
		<Instruction code="48 89 58 08" comment="mov [rax+8], rbx" />
		<Instruction code="48 89 68 10" comment="mov [rax+10], rbp" />
		<Instruction code="48 89 70 18" comment="mov [rax+18h], rsi" />
		<Instruction code="0F 29 70 C8" comment="movaps xmmword ptr [rax-38h], xmm6" />
		<Instruction code="0F 28 F3" comment="movaps xmm6, xmm3; xmm6 = fourth param" />
		<Instruction code="41 8B D8" comment="mov ebx, r8d" />
		<Instruction code="44 8B E2" comment="mov r12d, edx" />
		<Instruction code="48 8B F9" comment="mov rdi, rcx" />
		<Instruction code="48 83 79 08 00" comment="cmp qword ptr [rcx+8], 0" />
		<Instruction code="0F 84 XX XX 00 00" comment="jz +0xXXXX" />
		<Instruction code="48 83 79 10 00" comment="cmp qword ptr [rcx+10h], 0" />
		<Instruction code="0F 84 XX XX 00 00" comment="jz +0xXXXX" />
		<Instruction code="48 81 C1 28 03 00 00" comment="add rcx, 328h" />
		
		<Hook value="SetBodyShape_Patched" setup="SetBodyShape_Setup" />	
	</Patch>
	
	<Patch name="AutoBtlPortrait" type="hook" search_start="0x201326" >
		<Instruction code="E8 XXXXXXXX" comment="call is_cac" />
		<Instruction code="85 C0" comment="test eax, eax" />
		<Instruction code="74 7B" comment="jz +0x7B" />
		<Instruction code="44 8B 83 0C 01 00 00" comment="mov r8d, [rbx+10Ch]" />
		<Instruction code="41 83 F8 FF" comment="cmp r8d, 0FFFFFFFFh" />
		<Instruction code="74 6E" comment="jz +0x6E" />
		<Instruction code="48 8B 05 XXXXXXXX" comment="mov rax,  XG::Game::Common::PortraitManager * XG::Singleton<XG::Game::Common::PortraitManager>::Instance(void)::2::instance" />
		<Instruction code="48 8B 08" comment="mov rcx, [rax]" />
		<Instruction code="48 85 C9" comment="test rcx, rcx" />
		<Instruction code="74 5F" comment="jz +0x5F" />
		<Instruction code="48 8D 55 D0" comment="lea rdx, [rbp-30h]" />
		
		<Hook type="call" value="UseAutobattlePortrait" />
	</Patch>
	
	<Patch name="ResultPortraitHook" type="hook" search_start="0x1FC3B0" >
		<Instruction code="48 83 EC 38" comment="sub rsp, 38h" />
		<Instruction code="83 FA 06" comment="cmp edx, 6" />
		<Instruction code="77 48" comment="ja +0x48" />
		<Instruction code="48 63 C2" comment="movsxd rax, edx" />
		<Instruction code="4C 8D 14 40" comment="lea r10, [rax+rax*2]" />
		<Instruction code="48 8B 44 24 70" comment="mov rax, [rsp+70h]" />
		<Instruction code="49 C1 E2 07" comment="shl r10, 7" />
		<Instruction code="45 8B 9C 0A 14 05 00 00" comment="mov r11d, [r10+rcx+514h]" />
		
		<Hook value="ResultPortraits2Patched" setup="ResultPortraits2Setup" />
	</Patch>
	
	<!-- Alternative patch to the above, but causes undesirable effects (transform loose on win is the one we found so far)-->
	<!--<Patch name="ResultPortraitsHook" type="hook" search_start="0x17669F" >
		<Instruction code="E8 XXXXXXXX" comment="call is_cac" />
		<Instruction code="85 C0" comment="test eax, eax" />
		<Instruction code="74 04" comment="jz +0x4" />
		<Instruction code="83 4D 00 01" comment="or dword ptr [rbp+0], 1" />
		<Instruction code="48 8B 8F 98 04 00 00" comment="mov rcx, [rdi+498h]" />
		<Instruction code="48 8B 01" comment="mov rax, [rcx]" />
		<Instruction code="FF 90 38 01 00 00" comment="call method +0x138" />
		<Instruction code="48 8B 8F C0 05 00 00" comment="mov rcx, [rdi+5C0h]" />
		
		<Hook type="call" value="UseAutobattlePortrait" />
	</Patch>-->
	
</EternityPatchFile>