<?xml version="1.0" encoding="utf-8" ?>
<EternityPatchFile name="UnlockChara" comment="This file enables the unlock of characters without modifying save data or any other files.">

	<Patch name="UnlockCharaMods" type="hook" search_start="0x4D919A" enabled="unlock_chara_mods" >
		<Instruction code="44 8B 81 F0 01 00 00" comment="mov r8d, [rcx+1F0h]" />
		<Instruction code="8B DA" comment="mov ebx, edx" />
		<Instruction code="8B 91 EC 01 00 00" comment="mov edx, [rcx+1ECh]" />
		<Instruction code="48 8B F9" comment="mov rdi, rcx" />
		<Instruction code="E8 XXXXXXXX" comment="call XXXXXXXX" />
		<Instruction code="44 8B C0" comment="mov r8d, eax" />
		<Instruction code="8D 53 71" comment="lea edx, [rbx+71h]" />
		
		<Hook type="call" inst_index="4" value="UnlockCharaMods" setup="SetupCheckUnlockFunction" />
	</Patch>
	
	<!-- This patch has same signature as above. It is important that this patch is below the previous one. -->
	<Patch name="UnlockCharaAll" type="write" search_start="0x4D919A" enabled="unlock_chara_all" >
		<Instruction code="44 8B 81 F0 01 00 00" comment="mov r8d, [rcx+1F0h]" />
		<Instruction code="8B DA" comment="mov ebx, edx" />
		<Instruction code="8B 91 EC 01 00 00" comment="mov edx, [rcx+1ECh]" />
		<Instruction code="48 8B F9" comment="mov rdi, rcx" />
		<Instruction code="E8 XXXXXXXX" comment="call XXXXXXXX" />
		<Instruction code="44 8B C0" comment="mov r8d, eax" />
		<Instruction code="8D 53 71" comment="lea edx, [rbx+71h]" />
		
		<Write inst_index="4" value="41 B8 01 00 00 00    9090" comment="mov r8d, 1; nop; nop;" />
	</Patch>

</EternityPatchFile>